{
  "data": [
    {
      "id": 3,
      "name": "Afghanistan",
      "code": "AF"
    },
    {
      "id": 16,
      "name": "Aland Islands",
      "code": "AX"
    },
    {
      "id": 6,
      "name": "Albania",
      "code": "AL"
    },
    {
      "id": 64,
      "name": "Algeria",
      "code": "DZ"
    },
    {
      "id": 12,
      "name": "American Samoa",
      "code": "AS"
    },
    {
      "id": 1,
      "name": "Andorra",
      "code": "AD"
    },
    {
      "id": 9,
      "name": "Angola",
      "code": "AO"
    },
    {
      "id": 5,
      "name": "Anguilla",
      "code": "AI"
    },
    {
      "id": 10,
      "name": "Antarctica",
      "code": "AQ"
    },
    {
      "id": 4,
      "name": "Antigua and Barbuda",
      "code": "AG"
    },
    {
      "id": 11,
      "name": "Argentina",
      "code": "AR"
    },
    {
      "id": 7,
      "name": "Armenia",
      "code": "AM"
    },
    {
      "id": 15,
      "name": "Aruba",
      "code": "AW"
    },
    {
      "id": 14,
      "name": "Australia",
      "code": "AU"
    },
    {
      "id": 13,
      "name": "Austria",
      "code": "AT"
    },
    {
      "id": 17,
      "name": "Azerbaijan",
      "code": "AZ"
    },
    {
      "id": 33,
      "name": "Bahamas",
      "code": "BS"
    },
    {
      "id": 24,
      "name": "Bahrain",
      "code": "BH"
    },
    {
      "id": 20,
      "name": "Bangladesh",
      "code": "BD"
    },
    {
      "id": 19,
      "name": "Barbados",
      "code": "BB"
    },
    {
      "id": 37,
      "name": "Belarus",
      "code": "BY"
    },
    {
      "id": 21,
      "name": "Belgium",
      "code": "BE"
    },
    {
      "id": 38,
      "name": "Belize",
      "code": "BZ"
    },
    {
      "id": 26,
      "name": "Benin",
      "code": "BJ"
    },
    {
      "id": 28,
      "name": "Bermuda",
      "code": "BM"
    },
    {
      "id": 34,
      "name": "Bhutan",
      "code": "BT"
    },
    {
      "id": 30,
      "name": "Bolivia",
      "code": "BO"
    },
    {
      "id": 31,
      "name": "Bonaire,  Saint Eustatius and Saba ",
      "code": "BQ"
    },
    {
      "id": 18,
      "name": "Bosnia and Herzegovina",
      "code": "BA"
    },
    {
      "id": 36,
      "name": "Botswana",
      "code": "BW"
    },
    {
      "id": 35,
      "name": "Bouvet Island",
      "code": "BV"
    },
    {
      "id": 32,
      "name": "Brazil",
      "code": "BR"
    },
    {
      "id": 108,
      "name": "British Indian Ocean Territory",
      "code": "IO"
    },
    {
      "id": 241,
      "name": "British Virgin Islands",
      "code": "VG"
    },
    {
      "id": 29,
      "name": "Brunei",
      "code": "BN"
    },
    {
      "id": 23,
      "name": "Bulgaria",
      "code": "BG"
    },
    {
      "id": 22,
      "name": "Burkina Faso",
      "code": "BF"
    },
    {
      "id": 25,
      "name": "Burundi",
      "code": "BI"
    },
    {
      "id": 119,
      "name": "Cambodia",
      "code": "KH"
    },
    {
      "id": 48,
      "name": "Cameroon",
      "code": "CM"
    },
    {
      "id": 39,
      "name": "Canada",
      "code": "CA"
    },
    {
      "id": 54,
      "name": "Cape Verde",
      "code": "CV"
    },
    {
      "id": 126,
      "name": "Cayman Islands",
      "code": "KY"
    },
    {
      "id": 42,
      "name": "Central African Republic",
      "code": "CF"
    },
    {
      "id": 217,
      "name": "Chad",
      "code": "TD"
    },
    {
      "id": 47,
      "name": "Chile",
      "code": "CL"
    },
    {
      "id": 49,
      "name": "China",
      "code": "CN"
    },
    {
      "id": 56,
      "name": "Christmas Island",
      "code": "CX"
    },
    {
      "id": 40,
      "name": "Cocos Islands",
      "code": "CC"
    },
    {
      "id": 50,
      "name": "Colombia",
      "code": "CO"
    },
    {
      "id": 121,
      "name": "Comoros",
      "code": "KM"
    },
    {
      "id": 46,
      "name": "Cook Islands",
      "code": "CK"
    },
    {
      "id": 51,
      "name": "Costa Rica",
      "code": "CR"
    },
    {
      "id": 100,
      "name": "Croatia",
      "code": "HR"
    },
    {
      "id": 53,
      "name": "Cuba",
      "code": "CU"
    },
    {
      "id": 55,
      "name": "Curaçao",
      "code": "CW"
    },
    {
      "id": 57,
      "name": "Cyprus",
      "code": "CY"
    },
    {
      "id": 58,
      "name": "Czech Republic",
      "code": "CZ"
    },
    {
      "id": 41,
      "name": "Democratic Republic of the Congo",
      "code": "CD"
    },
    {
      "id": 61,
      "name": "Denmark",
      "code": "DK"
    },
    {
      "id": 60,
      "name": "Djibouti",
      "code": "DJ"
    },
    {
      "id": 62,
      "name": "Dominica",
      "code": "DM"
    },
    {
      "id": 63,
      "name": "Dominican Republic",
      "code": "DO"
    },
    {
      "id": 223,
      "name": "East Timor",
      "code": "TL"
    },
    {
      "id": 65,
      "name": "Ecuador",
      "code": "EC"
    },
    {
      "id": 67,
      "name": "Egypt",
      "code": "EG"
    },
    {
      "id": 212,
      "name": "El Salvador",
      "code": "SV"
    },
    {
      "id": 90,
      "name": "Equatorial Guinea",
      "code": "GQ"
    },
    {
      "id": 69,
      "name": "Eritrea",
      "code": "ER"
    },
    {
      "id": 66,
      "name": "Estonia",
      "code": "EE"
    },
    {
      "id": 71,
      "name": "Ethiopia",
      "code": "ET"
    },
    {
      "id": 74,
      "name": "Falkland Islands",
      "code": "FK"
    },
    {
      "id": 76,
      "name": "Faroe Islands",
      "code": "FO"
    },
    {
      "id": 73,
      "name": "Fiji",
      "code": "FJ"
    },
    {
      "id": 72,
      "name": "Finland",
      "code": "FI"
    },
    {
      "id": 77,
      "name": "France",
      "code": "FR"
    },
    {
      "id": 82,
      "name": "French Guiana",
      "code": "GF"
    },
    {
      "id": 177,
      "name": "French Polynesia",
      "code": "PF"
    },
    {
      "id": 218,
      "name": "French Southern Territories",
      "code": "TF"
    },
    {
      "id": 78,
      "name": "Gabon",
      "code": "GA"
    },
    {
      "id": 87,
      "name": "Gambia",
      "code": "GM"
    },
    {
      "id": 81,
      "name": "Georgia",
      "code": "GE"
    },
    {
      "id": 59,
      "name": "Germany",
      "code": "DE"
    },
    {
      "id": 84,
      "name": "Ghana",
      "code": "GH"
    },
    {
      "id": 85,
      "name": "Gibraltar",
      "code": "GI"
    },
    {
      "id": 91,
      "name": "Greece",
      "code": "GR"
    },
    {
      "id": 86,
      "name": "Greenland",
      "code": "GL"
    },
    {
      "id": 80,
      "name": "Grenada",
      "code": "GD"
    },
    {
      "id": 89,
      "name": "Guadeloupe",
      "code": "GP"
    },
    {
      "id": 94,
      "name": "Guam",
      "code": "GU"
    },
    {
      "id": 93,
      "name": "Guatemala",
      "code": "GT"
    },
    {
      "id": 83,
      "name": "Guernsey",
      "code": "GG"
    },
    {
      "id": 88,
      "name": "Guinea",
      "code": "GN"
    },
    {
      "id": 95,
      "name": "Guinea-Bissau",
      "code": "GW"
    },
    {
      "id": 96,
      "name": "Guyana",
      "code": "GY"
    },
    {
      "id": 101,
      "name": "Haiti",
      "code": "HT"
    },
    {
      "id": 98,
      "name": "Heard Island and McDonald Islands",
      "code": "HM"
    },
    {
      "id": 99,
      "name": "Honduras",
      "code": "HN"
    },
    {
      "id": 97,
      "name": "Hong Kong",
      "code": "HK"
    },
    {
      "id": 102,
      "name": "Hungary",
      "code": "HU"
    },
    {
      "id": 111,
      "name": "Iceland",
      "code": "IS"
    },
    {
      "id": 107,
      "name": "India",
      "code": "IN"
    },
    {
      "id": 103,
      "name": "Indonesia",
      "code": "ID"
    },
    {
      "id": 110,
      "name": "Iran",
      "code": "IR"
    },
    {
      "id": 109,
      "name": "Iraq",
      "code": "IQ"
    },
    {
      "id": 104,
      "name": "Ireland",
      "code": "IE"
    },
    {
      "id": 106,
      "name": "Isle of Man",
      "code": "IM"
    },
    {
      "id": 105,
      "name": "Israel",
      "code": "IL"
    },
    {
      "id": 112,
      "name": "Italy",
      "code": "IT"
    },
    {
      "id": 45,
      "name": "Ivory Coast",
      "code": "CI"
    },
    {
      "id": 114,
      "name": "Jamaica",
      "code": "JM"
    },
    {
      "id": 116,
      "name": "Japan",
      "code": "JP"
    },
    {
      "id": 113,
      "name": "Jersey",
      "code": "JE"
    },
    {
      "id": 115,
      "name": "Jordan",
      "code": "JO"
    },
    {
      "id": 127,
      "name": "Kazakhstan",
      "code": "KZ"
    },
    {
      "id": 117,
      "name": "Kenya",
      "code": "KE"
    },
    {
      "id": 120,
      "name": "Kiribati",
      "code": "KI"
    },
    {
      "id": 247,
      "name": "Kosovo",
      "code": "XK"
    },
    {
      "id": 125,
      "name": "Kuwait",
      "code": "KW"
    },
    {
      "id": 118,
      "name": "Kyrgyzstan",
      "code": "KG"
    },
    {
      "id": 128,
      "name": "Laos",
      "code": "LA"
    },
    {
      "id": 137,
      "name": "Latvia",
      "code": "LV"
    },
    {
      "id": 129,
      "name": "Lebanon",
      "code": "LB"
    },
    {
      "id": 134,
      "name": "Lesotho",
      "code": "LS"
    },
    {
      "id": 133,
      "name": "Liberia",
      "code": "LR"
    },
    {
      "id": 138,
      "name": "Libya",
      "code": "LY"
    },
    {
      "id": 131,
      "name": "Liechtenstein",
      "code": "LI"
    },
    {
      "id": 135,
      "name": "Lithuania",
      "code": "LT"
    },
    {
      "id": 136,
      "name": "Luxembourg",
      "code": "LU"
    },
    {
      "id": 150,
      "name": "Macao",
      "code": "MO"
    },
    {
      "id": 146,
      "name": "Macedonia",
      "code": "MK"
    },
    {
      "id": 144,
      "name": "Madagascar",
      "code": "MG"
    },
    {
      "id": 158,
      "name": "Malawi",
      "code": "MW"
    },
    {
      "id": 160,
      "name": "Malaysia",
      "code": "MY"
    },
    {
      "id": 157,
      "name": "Maldives",
      "code": "MV"
    },
    {
      "id": 147,
      "name": "Mali",
      "code": "ML"
    },
    {
      "id": 155,
      "name": "Malta",
      "code": "MT"
    },
    {
      "id": 145,
      "name": "Marshall Islands",
      "code": "MH"
    },
    {
      "id": 152,
      "name": "Martinique",
      "code": "MQ"
    },
    {
      "id": 153,
      "name": "Mauritania",
      "code": "MR"
    },
    {
      "id": 156,
      "name": "Mauritius",
      "code": "MU"
    },
    {
      "id": 249,
      "name": "Mayotte",
      "code": "YT"
    },
    {
      "id": 159,
      "name": "Mexico",
      "code": "MX"
    },
    {
      "id": 75,
      "name": "Micronesia",
      "code": "FM"
    },
    {
      "id": 141,
      "name": "Moldova",
      "code": "MD"
    },
    {
      "id": 140,
      "name": "Monaco",
      "code": "MC"
    },
    {
      "id": 149,
      "name": "Mongolia",
      "code": "MN"
    },
    {
      "id": 142,
      "name": "Montenegro",
      "code": "ME"
    },
    {
      "id": 154,
      "name": "Montserrat",
      "code": "MS"
    },
    {
      "id": 139,
      "name": "Morocco",
      "code": "MA"
    },
    {
      "id": 161,
      "name": "Mozambique",
      "code": "MZ"
    },
    {
      "id": 148,
      "name": "Myanmar",
      "code": "MM"
    },
    {
      "id": 162,
      "name": "Namibia",
      "code": "NA"
    },
    {
      "id": 171,
      "name": "Nauru",
      "code": "NR"
    },
    {
      "id": 170,
      "name": "Nepal",
      "code": "NP"
    },
    {
      "id": 168,
      "name": "Netherlands",
      "code": "NL"
    },
    {
      "id": 8,
      "name": "Netherlands Antilles",
      "code": "AN"
    },
    {
      "id": 163,
      "name": "New Caledonia",
      "code": "NC"
    },
    {
      "id": 173,
      "name": "New Zealand",
      "code": "NZ"
    },
    {
      "id": 167,
      "name": "Nicaragua",
      "code": "NI"
    },
    {
      "id": 164,
      "name": "Niger",
      "code": "NE"
    },
    {
      "id": 166,
      "name": "Nigeria",
      "code": "NG"
    },
    {
      "id": 172,
      "name": "Niue",
      "code": "NU"
    },
    {
      "id": 165,
      "name": "Norfolk Island",
      "code": "NF"
    },
    {
      "id": 123,
      "name": "North Korea",
      "code": "KP"
    },
    {
      "id": 151,
      "name": "Northern Mariana Islands",
      "code": "MP"
    },
    {
      "id": 169,
      "name": "Norway",
      "code": "NO"
    },
    {
      "id": 174,
      "name": "Oman",
      "code": "OM"
    },
    {
      "id": 180,
      "name": "Pakistan",
      "code": "PK"
    },
    {
      "id": 187,
      "name": "Palau",
      "code": "PW"
    },
    {
      "id": 185,
      "name": "Palestinian Territory",
      "code": "PS"
    },
    {
      "id": 175,
      "name": "Panama",
      "code": "PA"
    },
    {
      "id": 178,
      "name": "Papua New Guinea",
      "code": "PG"
    },
    {
      "id": 188,
      "name": "Paraguay",
      "code": "PY"
    },
    {
      "id": 176,
      "name": "Peru",
      "code": "PE"
    },
    {
      "id": 179,
      "name": "Philippines",
      "code": "PH"
    },
    {
      "id": 183,
      "name": "Pitcairn",
      "code": "PN"
    },
    {
      "id": 181,
      "name": "Poland",
      "code": "PL"
    },
    {
      "id": 186,
      "name": "Portugal",
      "code": "PT"
    },
    {
      "id": 184,
      "name": "Puerto Rico",
      "code": "PR"
    },
    {
      "id": 189,
      "name": "Qatar",
      "code": "QA"
    },
    {
      "id": 43,
      "name": "Republic of the Congo",
      "code": "CG"
    },
    {
      "id": 190,
      "name": "Reunion",
      "code": "RE"
    },
    {
      "id": 191,
      "name": "Romania",
      "code": "RO"
    },
    {
      "id": 193,
      "name": "Russia",
      "code": "RU"
    },
    {
      "id": 194,
      "name": "Rwanda",
      "code": "RW"
    },
    {
      "id": 27,
      "name": "Saint Barthélemy",
      "code": "BL"
    },
    {
      "id": 201,
      "name": "Saint Helena",
      "code": "SH"
    },
    {
      "id": 122,
      "name": "Saint Kitts and Nevis",
      "code": "KN"
    },
    {
      "id": 130,
      "name": "Saint Lucia",
      "code": "LC"
    },
    {
      "id": 143,
      "name": "Saint Martin",
      "code": "MF"
    },
    {
      "id": 182,
      "name": "Saint Pierre and Miquelon",
      "code": "PM"
    },
    {
      "id": 239,
      "name": "Saint Vincent and the Grenadines",
      "code": "VC"
    },
    {
      "id": 246,
      "name": "Samoa",
      "code": "WS"
    },
    {
      "id": 206,
      "name": "San Marino",
      "code": "SM"
    },
    {
      "id": 211,
      "name": "Sao Tome and Principe",
      "code": "ST"
    },
    {
      "id": 195,
      "name": "Saudi Arabia",
      "code": "SA"
    },
    {
      "id": 207,
      "name": "Senegal",
      "code": "SN"
    },
    {
      "id": 192,
      "name": "Serbia",
      "code": "RS"
    },
    {
      "id": 52,
      "name": "Serbia and Montenegro",
      "code": "CS"
    },
    {
      "id": 197,
      "name": "Seychelles",
      "code": "SC"
    },
    {
      "id": 205,
      "name": "Sierra Leone",
      "code": "SL"
    },
    {
      "id": 200,
      "name": "Singapore",
      "code": "SG"
    },
    {
      "id": 213,
      "name": "Sint Maarten",
      "code": "SX"
    },
    {
      "id": 204,
      "name": "Slovakia",
      "code": "SK"
    },
    {
      "id": 202,
      "name": "Slovenia",
      "code": "SI"
    },
    {
      "id": 196,
      "name": "Solomon Islands",
      "code": "SB"
    },
    {
      "id": 208,
      "name": "Somalia",
      "code": "SO"
    },
    {
      "id": 250,
      "name": "South Africa",
      "code": "ZA"
    },
    {
      "id": 92,
      "name": "South Georgia and the South Sandwich Islands",
      "code": "GS"
    },
    {
      "id": 124,
      "name": "South Korea",
      "code": "KR"
    },
    {
      "id": 210,
      "name": "South Sudan",
      "code": "SS"
    },
    {
      "id": 70,
      "name": "Spain",
      "code": "ES"
    },
    {
      "id": 132,
      "name": "Sri Lanka",
      "code": "LK"
    },
    {
      "id": 198,
      "name": "Sudan",
      "code": "SD"
    },
    {
      "id": 209,
      "name": "Suriname",
      "code": "SR"
    },
    {
      "id": 203,
      "name": "Svalbard and Jan Mayen",
      "code": "SJ"
    },
    {
      "id": 215,
      "name": "Swaziland",
      "code": "SZ"
    },
    {
      "id": 199,
      "name": "Sweden",
      "code": "SE"
    },
    {
      "id": 44,
      "name": "Switzerland",
      "code": "CH"
    },
    {
      "id": 214,
      "name": "Syria",
      "code": "SY"
    },
    {
      "id": 230,
      "name": "Taiwan",
      "code": "TW"
    },
    {
      "id": 221,
      "name": "Tajikistan",
      "code": "TJ"
    },
    {
      "id": 231,
      "name": "Tanzania",
      "code": "TZ"
    },
    {
      "id": 220,
      "name": "Thailand",
      "code": "TH"
    },
    {
      "id": 219,
      "name": "Togo",
      "code": "TG"
    },
    {
      "id": 222,
      "name": "Tokelau",
      "code": "TK"
    },
    {
      "id": 226,
      "name": "Tonga",
      "code": "TO"
    },
    {
      "id": 228,
      "name": "Trinidad and Tobago",
      "code": "TT"
    },
    {
      "id": 225,
      "name": "Tunisia",
      "code": "TN"
    },
    {
      "id": 227,
      "name": "Turkey",
      "code": "TR"
    },
    {
      "id": 224,
      "name": "Turkmenistan",
      "code": "TM"
    },
    {
      "id": 216,
      "name": "Turks and Caicos Islands",
      "code": "TC"
    },
    {
      "id": 229,
      "name": "Tuvalu",
      "code": "TV"
    },
    {
      "id": 242,
      "name": "U.S. Virgin Islands",
      "code": "VI"
    },
    {
      "id": 233,
      "name": "Uganda",
      "code": "UG"
    },
    {
      "id": 232,
      "name": "Ukraine",
      "code": "UA"
    },
    {
      "id": 2,
      "name": "United Arab Emirates",
      "code": "AE"
    },
    {
      "id": 79,
      "name": "United Kingdom",
      "code": "GB"
    },
    {
      "id": 235,
      "name": "United States",
      "code": "US"
    },
    {
      "id": 234,
      "name": "United States Minor Outlying Islands",
      "code": "UM"
    },
    {
      "id": 236,
      "name": "Uruguay",
      "code": "UY"
    },
    {
      "id": 237,
      "name": "Uzbekistan",
      "code": "UZ"
    },
    {
      "id": 244,
      "name": "Vanuatu",
      "code": "VU"
    },
    {
      "id": 238,
      "name": "Vatican",
      "code": "VA"
    },
    {
      "id": 240,
      "name": "Venezuela",
      "code": "VE"
    },
    {
      "id": 243,
      "name": "Vietnam",
      "code": "VN"
    },
    {
      "id": 245,
      "name": "Wallis and Futuna",
      "code": "WF"
    },
    {
      "id": 68,
      "name": "Western Sahara",
      "code": "EH"
    },
    {
      "id": 248,
      "name": "Yemen",
      "code": "YE"
    },
    {
      "id": 251,
      "name": "Zambia",
      "code": "ZM"
    },
    {
      "id": 252,
      "name": "Zimbabwe",
      "code": "ZW"
    }
  ],
  "code": 200
}
